question,answer,A,B,C,D,Category,Human Accuracy
특허법 제29조(특허요건)의 신규성에 관한 설명으로 옳지 않은 것은? (다툼이 있는 경우에는 판례에 의함),2,"불특정인에게 공장을 견학시킨 경우, 그 제조상황이나 장치의 외부를 보는 것만으로 제조공정 일부의 내용을 알 수 없다고 하더라도 견학자가 그 장치의 내부를 볼 수 있거나 그 내부에 대하여 공장의 종업원에게 설명을 들을 수 있는 상황에 있었다면 그 제조공정에 관한 기술은 공연히 실시된 것으로 본다.","심사의 대상이 되는 출원의 명세서 중에 종래 기술로 기재된 발명의 경우, 출원인이 그 명세서 또는 의견서 등에서 그 종래기술이 출원 전에 공지되었음을 인정하고 있는 경우라도 이를 인용발명으로 하여 청구항에 기재된 발명의 신규성을 판단할 수 없다.","청구항을 전제부와 특징부로 나누어 기재한 청구항의 경우 전제부에 기재되었다는 사실만으로 전제부에 기재된 구성요소들이 공지된 것이라고 판단해서는 곤란하며, 설령 전제부에 기재된 모든 구성요소가 공지된 것이라고 하더라도, 그 특징부와 더불어 유기적 일체로서의 발명 전체를 판단의 대상으로 하여 선행기술과 대비하여야 한다.",인용발명에 사용된 용어를 해석할 목적으로 사전 또는 참고문헌을 인용하는 경우에는 그 사전 또는 참고문헌도 인용발명에 포함되는 것으로 취급하여 신규성판단에 사용할 수 있다.,Patent,0.0
특허요건에 관한 설명으로 옳은 것은? (다툼이 있는 경우에는 판례에 의함),2,"동일한 발명에 대하여 다른 날에 2이상의 특허출원이 있는 때에는 먼저 출원한 자가 특허를 받을 수 있으며, 이 경우 어느 하나의 출원이 취하된 때에는 그 출원은 그 때부터 없었던 것으로 본다.",특허청구범위에 기재된 청구항이 복수의 구성요소로 되어 있는 경우에는 각 구성요소가 유기적으로 결합한 전체로서의 기술사상이 진보성 판단의 대상이 되는 것이지 각 구성요소가 독립하여 진보성 판단의 대상이 되는 것은 아니다.,"정부는 특허출원한 발명이 국방상 필요하다면 특허를 하지 아니하거나 비밀로 취급할 것을 명할 수 있으며, 그러한 비밀취급명령을 위반한 때에는 그 발명에 대하여 특허를 받을 수 있는 권리를 수용할 수 있다.",특허를 받을 수 있는 권리를 가진 자가 특허출원 전에 학술논문을 발표하여 발명의 신규성이 상실된 경우 그 날부터 6개월 이내에 특허출원을 하여야 신규성이 상실되지 아니한 것으로 본다.,Patent,0.0
특허법 제30조의 공지 등이 되지 아니한 발명으로 보는 경우(이하 '공지예외 적용'이라 함)에 관한 설명으로 옳지 않은 것은? (다툼이 있는 경우에는 판례에 의함),4,"국제특허출원한 발명에 관하여 공지예외적용을 받고자 하는 경우, 공지행위가 있었던 날부터 12개월 이내에 국제출원하고, 그 취지를 기재한 서면 및 증명서류를 기준일 경과 후 30일 이내에 제출하여야 한다.","특허를 받을 수 있는 권리를 가진 자가 특허출원 전에 해당 발명을 공지한 경우, 그에 대해 공지예외적용을 받기 위해서 특허출원서에는 해당 공지사실을 특정하여 기재할 필요 없이 '공지예외의 적용을 받고자 한다'라는 취지만을 표시하는 것으로 충분하다.","국내우선권주장출원에 있어서, 그 선출원이 발명의 공지일부터 12개월 이내에 공지예외적용 요건에 맞추어 특허출원을 하였고, 그 선출원에 기초하여 국내우선권주장의 후출원을 하는 경우, 후출원의 특허출원일이 그 공지일부터 12개월 이내가 아니더라도 공지예외적용을 받을 수 있다.","특허를 받을 수 있는 권리를 가진 자가 특허출원 전에 해당 발명을 공지한 후 공지예외적용 요건을 갖추어 특허출원을 하였는데, 그 공지일과 특허출원일 사이에 제3자에 의하여 해당 발명과 동일한 발명의 공개가 있는 경우, 제3자의 공지가 공지예외적용에 해당하는 공지에 의하여 지득한 발명의 공개라는 사실이 명백하더라도 출원인이 그 의사에 반하여 공지된 발명이라는 사실을 입증하지 못하면 그 특허출원은 제3자의 공지에 기초하여 신규성을 상실한다.",Patent,0.0
특허법상 심결취소소송에 관한 설명으로 옳지 않은 것은? (다툼이 있는 경우에는 판례에 의함),4,"특허발명에 관한 권리범위확인심판 심결취소소송의 상고심 계속 중 그 특허의 정정심결이 확정된 경우, 정정 전의 특허발명을 대상으로 하여 확인대상발명이 그 특허발명의 권리범위에 속하는지 여부를 심리ㆍ판단한 원심판결에는 민사소송법상 판결에 기초가 된 민사나 형사의 판결, 그 밖의 재판 또는 행정처분이 다른 재판이나 행정처분에 의하여 바뀐 때에 해당하는 재심사유가 존재한다.",특허심판단계에서 소극적으로 하지 않았던 주장을 심결취소소송단계에서 하였다는 사정만으로 금반언 또는 신의칙 위반으로 볼 수 없다.,거절결정불복심판청구를 기각하는 심결의 취소소송에서 특허청장은 거절결정의 이유와 다른 새로운 거절이유가 아닌 한 심결에서 판단되지 않은 사항을 심결의 결론을 정당하게 하는 사항으로 주장ㆍ입증할 수 있다.,"특허발명을 무효로 한다는 주문의 심결을 취소한 판결의 확정 후에 다시 특허심판원에서 심리가 행해지는 취소확정판결에 따른 심판사건에서, 취소된 심결에서 채택한 무효사유와 다른 무효사유로 당해 특허발명을 무효로 한다는 주문의 심결을 다시 하는 것은 취소확정판결의 기속력에 저촉된다.",Patent,0.0
심판청구방식에 관한 설명으로 옳지 않은 것은?,3,심판청구서에 기재한 당사자 중 특허권자의 기재를 바로잡기 위하여 보정(추가하는 것을 포함한다)하는 경우는 요지변경이 아니다.,"적극적 권리범위확인심판에서 확인대상발명의 설명서 및 도면에 대하여 피청구인이 자신이 실제로 실시하고 있는 발명과 비교하여 다르다고 주장하는 경우, 청구인이 피청구인의 실시 발명과 동일하게 하기 위하여 확인대상발명의 설명서 및 도면을 보정하는 것은 요지변경이 아니다.",특허무효심판의 심판청구서에 기재한 청구의 취지 및 그 이유를 나중에 보정한 경우는 요지변경이 아니다.,"권리범위확인심판을 청구하면서 확인대상발명의 설명서 및 필요한 도면을 첨부하지 아니한 경우, 심판장은 기간을 정하여 보정을 명하여야 한다.",Patent,0.0
선출원주의에 관한 설명으로 옳지 않은 것은? (다툼이 있는 경우에는 판례에 의함),1,"동일인이 동일한 발명에 대하여 특허와 실용신안을 같은 날에 출원하여 모두 등록된 경우, 등록된 특허권이나 실용신안권 중 어느 하나가 포기되면 경합출원으로 인한 하자는 치유된다.","특허법 제36조(선출원)를 적용하기 위한 전제로서 두 발명이 서로 동일한 발명인지 여부는 대비되는 두 발명의 실체를 파악하여야 하므로, 대비되는 두 발명이 각각 물건의 발명과 방법의 발명으로 서로 발명의 범주가 다르다고 하여 곧바로 동일한 발명이 아니라고 단정할 수 없다.","특허출원이 무효, 취하 또는 포기된 경우에는 선출원의 지위가 인정되지 아니한다.",동일한 발명에 대하여 다른 날에 2 이상의 출원이 있는 경우에는 먼저 출원한 자만이 그 발명에 대하여 특허를 받을 수 있다.,Patent,1.0
특허를 받을 수 있는 권리에 관한 설명으로 옳지 않은 것은? (다툼이 있는 경우에는 판례에 의함),4,특허출원전에 있어서 특허를 받을 수 있는 권리의 양도는 양수인이 출원하지 않는 한 제3자에게 대항할 수 없다.,"특허를 받을 수 있는 권리가 공유인 경우 공유자 중 일부에 의한 출원은 거절되며, 심판청구도 공유자 전원이 하여야 한다.",동일한 자로부터 승계한 동일한 특허를 받을 수 있는 권리에 대하여 같은 날에 2 이상 특허출원이 있는 때에는 특허출원인의 협의에 의해 정한 자의 승계만이 효력을 갖는다.,"특허를 받을 수 있는 권리의 양도계약에 따라 양수인 명의로 출원인명의변경이 이루어지고 양수인이 특허권의 설정등록을 받은 경우, 그 양도계약이 무효나 취소 등의 사유로 효력을 상실하게 되는 때에 그 특허를 받을 수 있는 권리와 설정등록이 이루어진 특허권이 동일한 발명에 관한 것이라도 양도인은 양수인에 대하여 그 특허권에 관하여 이전등록을 청구할 수 없다.",Patent,0.0
특허청구범위의 기재에 관한 설명으로 옳지 않은 것은? (다툼이 있는 경우에는 판례에 의함),4,"의약에 있어서는 그 작용효과(의학적 효과)에 대한 객관적인 기재가 명세서기재의 필수적인 요건이므로, 발명의 상세한 설명에 특허청구범위를 이루는 발명의 작용효과에 대한 기재가 없다면 명세서의 기재불비에 해당한다.","특허의 명세서에 기재된 용어는 명세서에 그 용어를 특정한 의미로 정의하여 사용하고 있지 않은 이상, 당해 기술 분야에서 통상의 지식을 가진 자에게 일반적으로 인식되는 용어의 의미에 따라 명세서 전체를 통하여 통일되게 해석되어야 한다.","특허청구범위가 상세한 설명에 의하여 뒷받침되고 있는지 여부는 특허출원 당시의 기술 수준을 기준으로 하여 그 발명과 관련된 기술분야에서 평균적 기술 능력을 가진 사람의 입장에서 볼 때, 그 특허청구범위와 발명의 상세한 설명의 각 내용이 일치하여 그 명세서만으로 특허청구범위에 속한 기술구성이나 그 결합 및 작용효과를 일목요연하게 이해할 수 있는가에 의하여 판단하여야 한다.","동일한 발명사상의 내용이 청구항을 달리하여 중복하여 기재되어 있다면, 특허청구의 범위가 명확하고 간결하게 기재되어 있어 당해 기술분야에서 통상의 지식을 가진 자가 그 내용을 명확하게 이해하고 인식하여 재현할 수 있더라도 명세서의 기재불비에 해당한다.",Patent,0.0
특허에 관한 소송의 관할과 관련된 설명으로 옳지 않은 것은? (다툼이 있는 경우에는 판례에 의함),2,심결에 대한 소 및 심판청구서나 재심청구서의 각하결정에 대한 소는 특허법원의 전속관할로 한다.,통상실시권허여심판에서 정한 대가의 심결 및 심판비용의 심결 또는 결정에 대하여는 독립하여 특허법원에 소를 제기할 수 있다.,"특허권은 등록국법에 의하여 발생하는 권리이므로, 우리나라 법원은 다른 국가의 특허권 부여행위와 그 행위의 유효성에 대하여 판단할 수 없다.",특허권의 성립에 관한 것이거나 유ㆍ무효 또는 취소 등을 구하는 소는 일반적으로 등록국 또는 등록이 청구된 국가 법원의 전속관할에 속하는 것으로 볼 수 있다.,Patent,0.0
특허권 침해의 구제에 관한 설명으로 옳은 것은? (다툼이 있는 경우에는 판례에 의함),2,"회사 임원의 직무발명에 관하여 회사 등이 그 임원을 배제한 채 회사 명의의 특허등록을 마친 경우, 위 임원이 입은 재산상 손해액의 산정 시에는 특허법 제128조(손해액의 추정등) 제2항을 유추적용 할 수 있다.","특허법 제128조(손해액의 추정등) 제2항은 특허권자에게 손해가 발생한 경우에 그 손해액을 평가하는 방법을 정한 것에 불과하여 침해행위에도 불구하고 특허권자에게 손해가 없는 경우에는 적용되지 않지만, 손해의 발생에 관한 주장ㆍ입증의 정도에 있어서는 경업관계 등으로 인하여 손해 발생의 염려 내지 개연성이 있음을 주장ㆍ입증하는 것으로 충분하다.",특허법에서는 “법원은 특허권 또는 전용실시권의 침해에 관한 소송에 있어서 손해가 발생된 것은 인정되나 그 손해액을 입증하기 위하여 필요한 사실을 입증하는 것이 해당 사실의 성질상 극히 곤란한 경우에는 변론 전체의 취지와 증거조사의 결과에 기초하여 상당한 손해액을 인정할 수 있다”고 하여 법관에게 손해액 산정에 관하여 자유재량권을 부여하고 있다.,"특허권의 존속기간이 경과하였더라도 특허권자는 소멸된 특허권을 기초로 하여 손해배상, 특허침해금지 및 특허침해제품의 폐기를 청구할 수 있다.",Patent,0.0
특허요건으로서 산업상 이용가능성에 관한 설명으로 옳지 않은 것은? (다툼이 있는 경우에는 판례에 의함),3,"의사 또는 의사의 지시를 받은 자의 행위가 아니라 할지라도 메스 등 의료기기를 이용하여 인간을 수술하거나 의약품을 사용하여 인간을 치료하는 방법은 의료행위에 해당하므로, 산업상 이용 가능한 발명으로 인정되지 않는다.","인체를 처치하는 방법이 치료효과와 미용효과와 같은 비치료효과를 동시에 가지고 있는 경우에 치료효과와 비치료효과를 구별 및 분리할 수 없는 처치방법은 치료방법으로 간주되므로, 산업상 이용 가능한 발명으로 인정되지 않는다.","인간으로부터 채취된 혈액, 피부, 세포, 종양, 조직 등을 처리하는 방법이 의료행위와는 분리 가능한 별개의 단계로 이루어진 경우라도 인체를 대상으로 하는 발명이므로 산업상 이용 가능한 발명으로 인정되지 않는다.","인간을 수술 및 치료하는 방법의 발명인 경우에는 산업상 이용가능성이 없는 것으로 보지만, 인간 이외의 동물에만 한정된다는 사실이 특허청구범위에 명시되어 있으면 산업상 이용할 수 있는 발명으로 인정된다.",Patent,0.0
특허법상 기간에 관한 설명으로 옳지 않은 것은?,1,"특허법상 기간에는 법정기간과 지정기간이 있으며, 법정기간에는 분할출원기간, 변경출원기간, 절차의 보정기간 등이 있다.","국내우선권주장에 있어서 선출원의 취하 간주일, 특허권 존속기간의 만료일은 기간의 말일이 공휴일이라 하더라도 기간의 말일이 그 다음날로 연장되지 않는다.","전자문서를 제출하려는 자가 기한 전에 정보통신망을 이용하여 전자문서를 발송하였으나 특허청장이 사전에 공지하지 않은 전산장애로 인하여 기한 내에 제출되지 않은 경우, 기간은 그 장애가 제거된 날의 다음 날로 만료한다.",특허청장은 특허에 관한 절차를 밟을 기간을 정한 때에는 청구에 따라 그 기간을 단축 또는 연장하거나 직권으로 그 기간을 연장할 수 있다.,Patent,1.0
특허거절결정 및 이에 대한 불복심판에 관한 설명으로 옳지 않은 것은? (다툼이 있는 경우에는 판례에 의함),3,다수의 청구항이 있는 특허출원에 있어서 단지 하나의 청구항에만 거절이유가 있는 경우라도 그 특허출원 전체에 대하여 특허거절결정을 하여야 한다.,"특허법 제36조(선출원)를 이유로 하는 거절결정에 대하여 불복심판을 제기하지 않아 거절결정이 확정된 이후에 선출원된 등록권리가 무권리자의 출원임을 이유로 소급하여 무효가 되었다고 하더라도, 재심으로 그 거절결정에 대하여 다툴 수 없다.","특허거절결정에 대한 심판은 특허를 받을 수 있는 권리가 공유인 경우 공유자 전원이 청구하여야 하며, 일부 공유자가 누락된 경우 심판청구기간 이내에는 청구인을 추가하는 보정이 가능하나 심판청구기간이 경과한 후 청구인을 추가하는 보정은 심판청구서의 요지변경에 해당되어 허용되지 않는다.","특허거절결정의 이유 중에 심사관이 통지하지 않은 거절이유가 일부 포함되어 있다 하더라도, 특허거절결정에 대한 심판청구를 기각하는 심결이유가 심사관이 통지하지 아니한 거절이유를 들어 특허거절결정을 유지하는 것이 아니라면, 그 와 같은 사유만으로 심결이 위법하다고는 할 수 없다.",Patent,0.0
특허청구범위에 관한 설명으로 옳지 않은 것은? (다툼이 있는 경우에는 판례에 의함),2,특허청구범위에는 보호를 받고자 하는 사항을 기재한 항이 1 또는 2 이상 있어야 하며 그 청구항은 발명의 상세한 설명에 의하여 뒷받침되어야 한다.,특허청구범위에 기재된 청구항이 복수의 구성요소로 되어 있는 경우 청구항에 기재된 복수의 구성요소를 분해한 후 각각에 대하여 진보성 여부를 판단한다.,특허출원절차에서 심사의 대상이 되는 발명의 기술내용 확정은 특허출원서에 첨부한 명세서의 특허청구범위에 기재된 사항에 의하여 정하여지는 것이 원칙이다.,특허청구범위에 기재된 사항만으로 출원발명의 기술적 구성을 알 수 없는 경우에는 발명의 상세한 설명이나 도면 등 다른 기재부분을 보충하여 기술내용을 확정한다.,Patent,0.0
권리능력에 관한 설명으로 옳지 않은 것은? (다툼이 있는 경우에는 판례에 의함),3,태아는 증여를 받을 능력이 있다.,태아가 사산한 경우에는 정지조건설에 의하든 해제조건설에 의하든 태아의 권리능력은 부인된다.,"동시사망 추정의 경우에 사망의 선후가 관계인들의 법적 지위에 중대한 영향을 미치는 점을 감안할 때 충분하고도 명백한 반증이 없으면, 위 추정은 깨어지지 않는다.",인정사망은 사망의 확증은 없으나 관공서의 보고에 의하여 가족관계등록부에 사망의 기재를 하여 사망한 것으로 추정하는 제도이다.,Patent,0.0
"취소할 수 있는 법률행위의 경우, 추인할 수 있는 날로부터 일정한 사유가 있으면 (이의를 보류하지 않은 것을 전제) 추인한 것으로 보는 경우로서 옳지 않은 것은?",4,취소권자가 취소할 수 있는 법률행위의 상대방으로부터 이행청구를 받은 경우,취소권자가 채권자로서 강제집행한 경우,취소권자가 채권자로서 물적 담보를 취득한 경우,취소권자가 취소할 수 있는 매매계약으로부터 취득한 토지에 지상권을 설정한 경우,Patent,0.0
미성년자가 체결한 계약의 효력에 관한 설명 중 옳은 것은? (다툼이 있는 경우 에는 판례에 의함),4,의사능력 있는 미성년자가 타인으로부터 대리권을 수여받아 부모의 동의 없이 매매계약을 체결한 경우에는 행위무능력을 이유로 그 대리행위를 취소할 수 있다.,미성년자가 법정대리인의 동의를 얻지 않고 체결한 계약은 미성년인 본인이 취소할 수도 있고 추인할 수도 있다.,미성년자가 매매계약을 체결한 후에 미성년인 상태에서 매매대금의 이행을 청구하고 대금을 모두 지급받았다면 법정대리인은 매매계약을 취소할 수 없다.,미성년자 甲이 법정대리인의 동의없이 자신이 소유한 토지를 매도한 후 사망함으로써 乙이 甲을 단독으로 상속하였다면 乙은 매매계약을 취소할 수 있다.,Patent,0.0
"甲은 乙의 범죄사실을 고발하겠다고 乙을 협박하였고, 乙은 이를 무마하기 위해서 자신이 소유하는 X토지를 甲에게 증여하기로 하였다. 이에 대한 설명 중 옳은 것은? (다툼이 있는 경우에는 판례에 의함)",1,"乙은 증여의사 흠결에 따른 증여계약의 무효나 강박을 이유로 한 취소를 주장할 수 있을 뿐이며, 증여계약이 반사회질서의 법률행위로서 무효라는 주장을 할 수 없다.",乙이 甲의 협박 때문에 X토지를 증여한다는 의사표시를 한 것이라면 乙의 증여의 의사표시는 비진의표시에 해당한다.,乙이 甲의 강박에 의해 증여하기로 한 사실만으로도 甲이 乙에게 X토지의 소유권이전등기청구를 하는 것은 권리남용에 해당한다.,증여계약이 甲의 강박에 의해서 이루어진 것이라면 乙은 그 증여계약이 불공정한 법률행위임을 주장할 수 있다.,Patent,1.0
甲은 X토지와 그 위의 Y건물을 소유하고 있다. 무권대리인인 乙이 甲명의로 丙과 X토지와 Y건물에 대한 매매계약을 체결한 후 서류를 위조하여 등기도 이전해 주었다. 이에 관한 설명 중 옳지 않은 것은? (다툼이 있는 경우에는 판례에 의함),4,丙이 계약 당시에 乙에게 대리권이 없음을 알았다면 甲이 무권대리행위를 추인하기 전이라도 丙은 매매계약을 철회할 수 없다.,"甲이 乙에게 무권대리행위를 추인하는 의사표시를 하였더라도, 그러한 추인이 있었음을 알지 못하는 丙은 매매계약을 철회할 수 있다.",甲이 Y건물의 매매계약에 대해서만 추인을 한 경우에 丙이 동의하지 않는다면 그러한 추인은 추인으로서 효력이 없다.,"丙이 계약체결시에 乙이 무권대리인이라는 사실을 알았다면, 丙은 甲에게 무권대리행위의 추인 여부를 최고할 수 없다.",Patent,0.0
"甲은 2007년 3월 5일 자기 소유의 X 토지를 乙에게 매도하는 계약을 체결 하였다. 그런데 乙은 재산상황을 은폐하기 위하여 X 토지에 대한 소유권  이전등기를 친척인 丙 명의로 하기로 미리 丙의 양해를 얻어 두었다. 乙은  甲에게 매매대금의 지급을 완제한 후 소유권이전등기를 丙명의로 해줄 것을 부탁하였고, 甲은 그 부탁대로 丙에게 소유권이전등기를 해주었다. 이에   관한 설명 중 옳지 않은 것은? (다툼이 있는 경우에는 판례에 의함)",3,"乙과 丙 사이에는 명의신탁약정이 있은 것으로 볼 수 있고, 이러한 약정은 무효가 된다.","甲으로부터 丙으로의 소유권이전등기는 무효이므로, X 토지에 대한 소유권자는 여전히 甲이다.","甲으로부터 丙으로의 소유권이전등기는 무효이므로, 乙은 甲에 대하여  매매대금의 반환을 청구할 수 있다.",乙은 甲을 대위하여 丙 명의의 소유권이전등기에 대한 말소등기절차의  이행을 청구할 수 있다.,Patent,0.0
이행지체에 관한 설명 중 옳지 않은 것은? (다툼이 있는 경우에는 판례에 의함),4,"채무이행에 불확정기한을 정한 경우, 기한의 도래를 안 채권자의 최고가 있으면 채무자가 기한의 도래를 알지 못하더라도 그 최고가 도달한 다음날로부터 이행지체가 된다.",당사자가 불확정한 사실이 발생한 때를 이행기로 정한 경우에 그 사실의 발생이 불가능하게 된 때에도 이행기가 도래한 것으로 보아야 한다.,채무이행에 기한의 정함이 없는 경우에는 이행청구를 받은 다음날로부터 이행지체가 된다.,"금전채무의 지연손해금채무는 금전채무의 이행지체로 인한 손해배상채무로서, 지연손해금채무가 확정된 때로부터 이행지체가 된다.",Patent,0.0
특허법 제107조(통상실시권 설정의 재정)에 관한 설명으로 옳지 않은 것은?,1,"특허발명을 실시하려는 자는 그 특허발명이 천재 지변이나 그 밖의 불가항력이 아닌 사유로 계속하여 3년 이상 국내에서 실시되고 있지 아니하고 특허권자, 전용실시권자 또는 통상실시권자와 합리적인 조건으로 협의하였으나 합의가 이루어 지지 아니한 경우, 특허청장에게 재정을 청구할 수 있다.","특허출원일로부터 4년이 지나지 아니한 특허발명에 관하여는, 대통령령으로 정하는 정당한 이유 없이 계속하여 3년 이상 국내에서 실시되고 있지 않다는 것을 근거로 재정을 청구할 수 없다.","특허발명의 실시가 공공의 이익을 위하여 특히 필요하여 하는 재정의 경우, 통상실시권은 국내수요충족을 위한 공급을 주목적으로 하여야 한다.","반도체 기술에 대해서는, 공공의 이익을 위하여 비상업적으로 실시하려는 경우와, 사법적 절차 또는 행정적 절차에 의하여 불공정거래행위로 판정된 사항을 바로잡기 위하여 특허발명을 실시할 필요가 있는 경우에만 재정을 청구할 수 있다.",Patent,1.0
특허에 관한 설명으로 옳지 않은 것은? (다툼이 있으면 판례에 따름),4,"선택발명에 있어서 선행발명을 기재한 선행문헌에 선택발명에 대한 문언적인 기재가 존재하는 경우 외에도, 그 발명이 속하는 기술분야에서 통상의 지식을 가진 자가 선행문헌의 기재 내용과 출원시의 기술 상식에 기초하여 선행문헌으로부터 직접적으로 선택발명의 존재를 인식할 수 있다면 그 선택발명의 신규성은 부정된다.","특허법 제32조(특허를 받을 수 없는 발명)의 공중의 위생을 해칠 우려가 있는 발명인지는 관련 행정법상 필요한 허가를 취득하였는지 여부와는 독립적이므로, 특허심사절차에서 별개로 판단 받아야 한다.","정부는 국방상 필요한 경우 외국에 특허출원하는 것을 금지하거나 발명자ㆍ출원인 및 대리인에게 그 특허출원의 발명을 비밀로 취급하도록 명할 수 있지만, 정부의 허가를 받은 경우에는 외국에 특허출원을 할 수 있다.","특허권의 적극적 권리범위 확인심판에서, 확인대상발명의 실시와 관련된 특정한 물건과의 관계에서 그 물건에 대한 특허권이 소진되었다면 확인대상발명에 대하여 권리범위 확인심판을 제기할 확인의 이익이 없다.",Patent,0.0
통상실시권에 관한 설명으로 옳은 것은? (다툼이 있으면 판례에 따름),3,"특허법 제138조(통상실시권 허락의 심판)에 따라 통상실시권이 설정된 경우, 그 통상실시권이 설정된 특허권에 기한 사업이 계속되고 있는 이상 그 특허권이 소멸하더라도 이미 발생한 통상실시권의 존속에는 영향이 없다.","특허법 제138조(통상실시권 허락의 심판)에 따라 통상실시권이 설정된 경우, 그 통상실시권이 설정된 특허권자는 사업의 계속을 위해 통상실시권을 유보한 채 특허권만 이전할 수 있다.","乙이 발명 A를 사업상 실시하기 위해 특허권자 甲으로부터 통상실시권을 설정 받았다면, 乙이 丙에게 그 실시사업을 양도하는 경우에는 甲의 동의 없이도 위 통상실시권을 함께 양도할 수 있다.",특허법 제107조(통상실시권 설정의 재정)에 따른 통상실시권은 특허권자의 동의가 있는 경우에 이전할 수 있다.,Patent,0.0
특허권 침해 구제에 관한 설명으로 옳지 않은 것은? (다툼이 있으면 판례에 따름),4,특허법은 물건발명에 대한 전용실시권자가 자기의 권리를 침해한 자 또는 침해할 우려가 있는 자에 대하여 그 침해행위를 조성한 물건의 반환을 청구할 수 있음을 명시하지 않는다.,물건 A에 대한 특허권의 전용실시권자 甲은 乙이 아무런 과실 없이 자신의 전용실시권을 침해하는 행위를 하였더라도 乙을 상대로 A를 제조하는데 제공된 기계의 제거를 청구할 수 있다.,"특허권자 甲이 침해자 乙을 상대로 특허법 제128조(손해배상청구권 등)제4항에 따라 乙의 침해로 인한 이익액을 甲자신의 손해액으로 삼는 경우, 손해의 발생과 관련해서는 경업관계 등으로 인하여 손해 발생의 염려 내지 개연성이 있음을 주장ㆍ입증하는 것으로 족하다.","특허법 제128조(손해배상청구권 등)제5항에 따라 통상실시료 상당의 손해배상을 명할 때, 특허법은 법원으로 하여금 특허침해한 자에게 고의 또는 중대한 과실이 없다고 인정할 경우 통상실시료 상당의 손해배상액을 산정함에 있어 고의 또는 중과실이 없다는 사실을 고려할 수 있도록 명시하고 있다.",Patent,0.0
